vid,date,time,type,pcu,speed,ped,cross,headway
1,"Saturday, June 19, 2021",11:33:46,long,3,14,5,7,0
2,"Saturday, June 19, 2021",11:33:51,moto,0.5,14,5,7,0.083
3,"Saturday, June 19, 2021",11:34:22,truck,2,20,5,7,0.517
4,"Saturday, June 19, 2021",11:34:41,car,1,21,5,7,0.317
5,"Saturday, June 19, 2021",11:37:27,moto,0.5,24,7,6,0.767
6,"Saturday, June 19, 2021",11:38:08,car,1,35,7,6,0.683
7,"Saturday, June 19, 2021",11:38:33,car,1,32,7,6,0.417
8,"Saturday, June 19, 2021",11:38:52,car,1,22,7,6,0.317
9,"Saturday, June 19, 2021",11:40:09,car,1,35,15,3,0.283
10,"Saturday, June 19, 2021",11:41:00,car,1,30,15,3,0.85
11,"Saturday, June 19, 2021",11:41:25,car,1,26,15,3,0.417
12,"Saturday, June 19, 2021",11:41:28,car,1,25,15,3,0.05
13,"Saturday, June 19, 2021",11:41:30,moto,0.5,26,15,3,0.033
14,"Saturday, June 19, 2021",11:42:07,car,1,37,12,2,0.617
15,"Saturday, June 19, 2021",11:42:46,moto,0.5,44,12,2,0.65
16,"Saturday, June 19, 2021",11:43:13,moto,0.5,30,12,2,0.45
17,"Saturday, June 19, 2021",11:43:37,car,1,48,12,2,0.4
18,"Saturday, June 19, 2021",11:43:50,car,1,34,12,2,0.217
19,"Saturday, June 19, 2021",11:45:13,car,1,5,11,3,0.383
20,"Saturday, June 19, 2021",11:45:22,moto,0.5,5,11,3,0.15
21,"Saturday, June 19, 2021",11:45:45,car,1,19,11,3,0.383
22,"Saturday, June 19, 2021",11:45:49,car,1,21,11,3,0.067
23,"Saturday, June 19, 2021",11:46:44,car,1,25,11,3,0.917
24,"Saturday, June 19, 2021",11:46:47,car,1,25,11,3,0.05
25,"Saturday, June 19, 2021",11:46:58,car,1,28,11,3,0.183
26,"Saturday, June 19, 2021",11:48:16,moto,0.5,26,5,3,0.3
27,"Saturday, June 19, 2021",11:48:35,car,1,6,5,3,0.317
28,"Saturday, June 19, 2021",11:48:49,car,1,11,5,3,0.233
29,"Saturday, June 19, 2021",11:48:57,car,1,9,5,3,0.133
30,"Saturday, June 19, 2021",11:48:58,car,1,8,5,3,0.017
31,"Saturday, June 19, 2021",11:48:58,car,1,8,5,3,0
32,"Saturday, June 19, 2021",11:49:03,moto,0.5,12,5,3,0.083
33,"Saturday, June 19, 2021",11:49:07,car,1,23,5,3,0.067
34,"Saturday, June 19, 2021",11:49:13,moto,0.5,14,5,3,0.1
35,"Saturday, June 19, 2021",11:49:16,car,1,12,5,3,0.05
36,"Saturday, June 19, 2021",11:49:42,car,1,30,5,3,0.433
37,"Saturday, June 19, 2021",11:49:49,car,1,20,5,3,0.117
38,"Saturday, June 19, 2021",11:53:01,car,1,31,4,2,0.2
39,"Saturday, June 19, 2021",11:53:17,moto,0.5,38,4,2,0.267
40,"Saturday, June 19, 2021",11:53:24,car,1,28,4,2,0.117
41,"Saturday, June 19, 2021",11:53:48,car,1,37,4,2,0.4
42,"Saturday, June 19, 2021",11:53:49,moto,0.5,35,4,2,0.017
43,"Saturday, June 19, 2021",11:54:14,car,1,38,4,2,0.417
44,"Saturday, June 19, 2021",11:54:15,moto,0.5,40,4,2,0.017
45,"Saturday, June 19, 2021",11:54:55,car,1,36,4,2,0.667
46,"Saturday, June 19, 2021",11:55:16,car,1,21,6,1,0.35
47,"Saturday, June 19, 2021",11:55:21,car,1,17,6,1,0.083
48,"Saturday, June 19, 2021",11:55:40,car,1,22,6,1,0.317
49,"Saturday, June 19, 2021",11:56:10,car,1,32,6,1,0.5
50,"Saturday, June 19, 2021",11:56:23,car,1,26,6,1,0.217
51,"Saturday, June 19, 2021",11:56:47,car,1,26,6,1,0.4
52,"Saturday, June 19, 2021",11:56:49,moto,0.5,40,6,1,0.033
53,"Saturday, June 19, 2021",12:03:10,car,1,23,2,1,0.35
54,"Saturday, June 19, 2021",12:03:29,car,1,6,2,1,0.317
55,"Saturday, June 19, 2021",12:03:41,car,1,25,2,1,0.2
56,"Saturday, June 19, 2021",12:07:28,moto,0.5,35,8,1,0.783
57,"Saturday, June 19, 2021",12:07:33,moto,0.5,44,8,1,0.083
58,"Saturday, June 19, 2021",12:08:12,car,1,16,8,1,0.65
59,"Saturday, June 19, 2021",12:08:23,car,1,36,8,1,0.183
60,"Saturday, June 19, 2021",12:08:31,car,1,25,8,1,0.133
61,"Saturday, June 19, 2021",12:12:21,car,1,28,7,4,0.833
62,"Saturday, June 19, 2021",12:12:41,car,1,22,7,4,0.333
63,"Saturday, June 19, 2021",12:13:34,truck,2,25,7,4,0.883
64,"Saturday, June 19, 2021",12:13:56,car,1,16,7,4,0.367
65,"Saturday, June 19, 2021",12:15:17,car,1,29,12,3,0.35
66,"Saturday, June 19, 2021",12:15:18,car,1,25,12,3,0.017
67,"Saturday, June 19, 2021",12:15:22,car,1,26,12,3,0.067
68,"Saturday, June 19, 2021",12:15:24,car,1,26,12,3,0.033
69,"Saturday, June 19, 2021",12:15:28,car,1,24,12,3,0.067
70,"Saturday, June 19, 2021",12:15:34,car,1,22,12,3,0.1
71,"Saturday, June 19, 2021",12:15:41,car,1,18,12,3,0.117
72,"Saturday, June 19, 2021",12:15:45,car,1,17,12,3,0.067
73,"Saturday, June 19, 2021",12:16:09,moto,0.5,31,12,3,0.4
74,"Saturday, June 19, 2021",12:18:32,long,3,15,11,4,0.383
75,"Saturday, June 19, 2021",12:18:34,moto,0.5,23,11,4,0.033
76,"Saturday, June 19, 2021",12:18:50,car,1,23,11,4,0.267
77,"Saturday, June 19, 2021",12:19:01,car,1,12,8,6,0.183
78,"Saturday, June 19, 2021",12:19:02,car,1,15,8,6,0.017
79,"Saturday, June 19, 2021",12:19:09,car,1,14,8,6,0.117
80,"Saturday, June 19, 2021",12:19:27,car,1,20,8,6,0.3
81,"Saturday, June 19, 2021",12:19:34,car,1,19,8,6,0.117
82,"Saturday, June 19, 2021",12:19:37,car,1,18,8,6,0.05
83,"Saturday, June 19, 2021",12:19:42,car,1,17,8,6,0.083
84,"Saturday, June 19, 2021",12:20:24,long,3,18,8,6,0.7
85,"Saturday, June 19, 2021",12:20:30,moto,0.5,8,8,6,0.1
86,"Saturday, June 19, 2021",12:20:47,car,1,9,8,6,0.283
87,"Saturday, June 19, 2021",12:20:51,car,1,7,8,6,0.067
88,"Saturday, June 19, 2021",12:21:00,truck,2,26,8,6,0.15
89,"Saturday, June 19, 2021",12:22:17,car,1,4,18,5,0.283
90,"Saturday, June 19, 2021",12:23:08,car,1,25,18,5,0.85
91,"Saturday, June 19, 2021",12:23:40,car,1,17,18,5,0.533
92,"Saturday, June 19, 2021",12:24:04,car,1,23,20,6,0.4
93,"Saturday, June 19, 2021",12:24:06,car,1,6,20,6,0.033
94,"Saturday, June 19, 2021",12:24:28,car,1,24,20,6,0.367
95,"Saturday, June 19, 2021",12:24:31,car,1,7,20,6,0.05
96,"Saturday, June 19, 2021",12:24:40,car,1,6,20,6,0.15
97,"Saturday, June 19, 2021",12:24:45,car,1,14,20,6,0.083
98,"Saturday, June 19, 2021",12:24:49,car,1,14,20,6,0.067
99,"Saturday, June 19, 2021",12:24:55,car,1,15,20,6,0.1
100,"Saturday, June 19, 2021",12:24:58,car,1,14,20,6,0.05
101,"Saturday, June 19, 2021",12:25:03,car,1,21,20,6,0.083
102,"Saturday, June 19, 2021",12:25:12,car,1,26,20,6,0.15
103,"Saturday, June 19, 2021",12:25:15,car,1,21,20,6,0.05
104,"Saturday, June 19, 2021",12:25:27,car,1,24,20,6,0.2
105,"Saturday, June 19, 2021",12:25:31,car,1,29,20,6,0.067
106,"Saturday, June 19, 2021",12:25:48,car,1,22,20,6,0.283
107,"Saturday, June 19, 2021",12:26:28,car,1,26,13,3,0.667
108,"Saturday, June 19, 2021",12:26:30,moto,0.5,27,13,3,0.033
109,"Saturday, June 19, 2021",12:26:43,car,1,29,13,3,0.217
110,"Saturday, June 19, 2021",12:27:20,car,1,25,13,3,0.617
111,"Saturday, June 19, 2021",12:29:35,car,1,19,6,2,0.25
112,"Saturday, June 19, 2021",12:30:23,car,1,23,6,2,0.8
113,"Saturday, June 19, 2021",12:30:25,car,1,25,6,2,0.033
114,"Saturday, June 19, 2021",12:30:33,car,1,20,6,2,0.133
115,"Saturday, June 19, 2021",12:30:48,truck,2,21,6,2,0.25
116,"Saturday, June 19, 2021",12:32:10,car,1,23,12,6,0.367
117,"Saturday, June 19, 2021",12:32:36,car,1,15,12,6,0.433
118,"Saturday, June 19, 2021",12:33:18,moto,0.5,30,4,1,0.7
119,"Saturday, June 19, 2021",12:33:33,car,1,20,4,1,0.25
120,"Saturday, June 19, 2021",12:33:46,car,1,25,4,1,0.217
121,"Saturday, June 19, 2021",12:33:53,car,1,24,4,1,0.117
122,"Saturday, June 19, 2021",12:34:09,car,1,27,4,1,0.267
123,"Saturday, June 19, 2021",12:36:54,car,1,25,6,2,0.75
124,"Saturday, June 19, 2021",12:36:58,car,1,23,6,2,0.067
125,"Saturday, June 19, 2021",12:37:04,car,1,24,6,2,0.1
126,"Saturday, June 19, 2021",12:37:10,moto,0.5,36,6,2,0.1
127,"Saturday, June 19, 2021",12:38:34,car,1,22,6,3,0.4
128,"Saturday, June 19, 2021",12:38:36,moto,0.5,24,6,3,0.033
129,"Saturday, June 19, 2021",12:39:17,car,1,24,6,3,0.683
130,"Saturday, June 19, 2021",12:39:44,moto,0.5,38,6,3,0.45
131,"Saturday, June 19, 2021",12:39:46,car,1,5,6,3,0.033
132,"Saturday, June 19, 2021",12:39:51,car,1,5,6,3,0.083
133,"Saturday, June 19, 2021",12:39:56,car,1,15,6,3,0.083
134,"Saturday, June 19, 2021",12:43:43,car,1,24,12,1,0.783
135,"Saturday, June 19, 2021",12:45:24,car,1,22,4,3,0.683
136,"Saturday, June 19, 2021",12:46:01,car,1,26,4,3,0.617
137,"Saturday, June 19, 2021",12:46:04,car,1,25,4,3,0.05
138,"Saturday, June 19, 2021",12:46:08,car,1,25,4,3,0.067
139,"Saturday, June 19, 2021",12:46:31,car,1,17,4,3,0.383
140,"Saturday, June 19, 2021",12:46:57,truck,2,14,4,3,0.433
141,"Saturday, June 19, 2021",12:48:10,truck,2,21,12,5,0.217
142,"Saturday, June 19, 2021",12:48:13,car,1,20,12,5,0.05
143,"Saturday, June 19, 2021",12:49:12,truck,2,23,12,5,0.983
144,"Saturday, June 19, 2021",12:49:21,car,1,20,12,5,0.15
145,"Saturday, June 19, 2021",12:49:42,car,1,34,12,5,0.35
146,"Saturday, June 19, 2021",12:51:31,car,1,28,13,8,0.817
147,"Saturday, June 19, 2021",12:51:58,car,1,18,13,8,0.45
148,"Saturday, June 19, 2021",12:52:04,car,1,27,7,6,0.1
149,"Saturday, June 19, 2021",12:52:18,car,1,28,7,6,0.233
150,"Saturday, June 19, 2021",12:52:30,car,1,36,7,6,0.2
151,"Saturday, June 19, 2021",12:52:51,car,1,35,7,6,0.35
152,"Saturday, June 19, 2021",12:52:59,car,1,25,7,6,0.133
153,"Saturday, June 19, 2021",12:54:27,car,1,25,17,4,0.467
154,"Saturday, June 19, 2021",12:54:29,moto,0.5,29,17,4,0.033
155,"Saturday, June 19, 2021",12:54:51,car,1,26,17,4,0.367
156,"Saturday, June 19, 2021",12:54:53,car,1,26,17,4,0.033
157,"Saturday, June 19, 2021",12:55:27,truck,2,30,17,4,0.567
158,"Saturday, June 19, 2021",12:56:07,car,1,24,11,6,0.667
159,"Saturday, June 19, 2021",12:57:26,car,1,15,11,6,0.317
160,"Saturday, June 19, 2021",13:04:11,car,1,19,6,7,0.75
161,"Saturday, June 19, 2021",13:04:46,moto,0.5,18,6,7,0.583
162,"Saturday, June 19, 2021",13:04:59,moto,0.5,24,6,7,0.217
163,"Saturday, June 19, 2021",13:05:13,long,3,15,11,4,0.233
164,"Saturday, June 19, 2021",13:05:17,car,1,15,11,4,0.067
165,"Saturday, June 19, 2021",13:05:22,car,1,11,11,4,0.083
166,"Saturday, June 19, 2021",13:05:25,car,1,8,11,4,0.05
167,"Saturday, June 19, 2021",13:05:29,moto,0.5,9,11,4,0.067
168,"Saturday, June 19, 2021",13:05:54,car,1,21,11,4,0.417
169,"Saturday, June 19, 2021",13:06:20,car,1,32,11,4,0.433
170,"Saturday, June 19, 2021",13:06:43,car,1,21,11,4,0.383
171,"Saturday, June 19, 2021",13:06:47,car,1,22,11,4,0.067
172,"Saturday, June 19, 2021",13:06:52,car,1,23,11,4,0.083
173,"Saturday, June 19, 2021",13:07:40,car,1,22,11,4,0.8
174,"Saturday, June 19, 2021",13:07:47,car,1,21,11,4,0.117
175,"Saturday, June 19, 2021",13:08:00,car,1,22,11,4,0.217
176,"Saturday, June 19, 2021",13:08:10,car,1,20,11,4,0.167
177,"Saturday, June 19, 2021",13:10:56,car,1,22,6,2,0.767
178,"Saturday, June 19, 2021",13:10:59,car,1,19,6,2,0.05
179,"Saturday, June 19, 2021",13:11:35,car,1,33,18,7,0.6
180,"Saturday, June 19, 2021",13:11:50,car,1,22,18,7,0.25
181,"Saturday, June 19, 2021",13:12:58,moto,0.5,31,18,7,0.133
182,"Saturday, June 19, 2021",13:13:30,moto,0.5,5,19,5,0.533
183,"Saturday, June 19, 2021",13:13:45,car,1,22,19,5,0.25
184,"Saturday, June 19, 2021",13:13:53,car,1,20,19,5,0.133
185,"Saturday, June 19, 2021",13:17:19,car,1,37,18,5,0.433
186,"Saturday, June 19, 2021",13:17:38,truck,2,36,18,5,0.317
187,"Saturday, June 19, 2021",13:18:24,car,1,19,18,5,0.767
188,"Saturday, June 19, 2021",13:18:49,moto,0.5,18,18,5,0.417
189,"Saturday, June 19, 2021",13:18:50,car,1,19,18,5,0.017
190,"Saturday, June 19, 2021",13:19:15,car,1,32,18,5,0.417
191,"Saturday, June 19, 2021",13:20:12,moto,0.5,36,4,3,0.95
192,"Saturday, June 19, 2021",13:21:03,car,1,32,4,3,0.85
193,"Saturday, June 19, 2021",13:21:25,car,1,33,4,3,0.367
194,"Saturday, June 19, 2021",13:21:36,moto,0.5,18,4,3,0.183
195,"Saturday, June 19, 2021",13:22:05,car,1,37,5,1,0.483
196,"Saturday, June 19, 2021",13:23:00,moto,0.5,39,5,1,0.917
197,"Saturday, June 19, 2021",13:25:25,car,1,27,15,5,0.417
198,"Saturday, June 19, 2021",13:25:49,car,1,21,15,5,0.4
199,"Saturday, June 19, 2021",13:26:13,car,1,32,5,1,0.4
200,"Saturday, June 19, 2021",13:26:39,car,1,26,5,1,0.433
201,"Saturday, June 19, 2021",13:27:07,car,1,37,5,1,0.467
202,"Saturday, June 19, 2021",13:27:22,car,1,34,5,1,0.25
203,"Saturday, June 19, 2021",13:27:26,car,1,32,5,1,0.067
204,"Saturday, June 19, 2021",13:29:58,moto,0.5,14,9,1,0.533
205,"Saturday, June 19, 2021",13:30:25,car,1,19,9,1,0.45
206,"Saturday, June 19, 2021",13:30:40,car,1,28,9,1,0.25
207,"Saturday, June 19, 2021",13:30:41,car,1,31,9,1,0.017
208,"Saturday, June 19, 2021",13:31:03,moto,0.5,15,10,5,0.367
209,"Saturday, June 19, 2021",13:31:16,car,1,38,10,5,0.217
210,"Saturday, June 19, 2021",13:31:41,car,1,37,10,5,0.417
211,"Saturday, June 19, 2021",13:32:09,moto,0.5,32,10,5,0.467
212,"Saturday, June 19, 2021",13:33:16,car,1,25,6,1,0.117
213,"Saturday, June 19, 2021",13:33:26,car,1,25,6,1,0.167
214,"Saturday, June 19, 2021",13:35:16,car,1,32,13,4,0.833
215,"Saturday, June 19, 2021",13:35:48,truck,2,16,13,4,0.533
216,"Saturday, June 19, 2021",13:36:16,car,1,35,13,4,0.467
217,"Saturday, June 19, 2021",18:10:09,truck,2,39,7,2,0
218,"Saturday, June 19, 2021",18:12:04,car,1,26,9,8,0.917
219,"Saturday, June 19, 2021",18:12:18,car,1,25,9,8,0.233
220,"Saturday, June 19, 2021",18:13:31,car,1,28,9,8,0.217
221,"Saturday, June 19, 2021",18:13:48,car,1,31,9,8,0.283
222,"Saturday, June 19, 2021",18:14:01,car,1,32,13,3,0.217
223,"Saturday, June 19, 2021",18:14:33,car,1,17,13,3,0.533
224,"Saturday, June 19, 2021",18:14:39,truck,2,18,13,3,0.1
225,"Saturday, June 19, 2021",18:14:48,truck,2,16,13,3,0.15
226,"Saturday, June 19, 2021",18:14:52,car,1,18,13,3,0.067
227,"Saturday, June 19, 2021",18:14:59,car,1,18,13,3,0.117
228,"Saturday, June 19, 2021",18:15:11,car,1,14,13,3,0.2
229,"Saturday, June 19, 2021",18:17:29,car,1,27,16,5,0.3
230,"Saturday, June 19, 2021",18:19:01,car,1,28,6,4,0.533
231,"Saturday, June 19, 2021",18:19:18,car,1,29,6,4,0.283
232,"Saturday, June 19, 2021",18:19:57,moto,0.5,30,6,4,0.65
233,"Saturday, June 19, 2021",18:20:09,car,1,27,6,4,0.2
234,"Saturday, June 19, 2021",18:20:15,car,1,24,6,4,0.1
235,"Saturday, June 19, 2021",18:23:43,car,1,25,15,5,0.467
236,"Saturday, June 19, 2021",18:24:07,car,1,27,15,5,0.4
237,"Saturday, June 19, 2021",18:24:26,car,1,27,15,5,0.317
238,"Saturday, June 19, 2021",18:24:43,car,1,36,15,5,0.283
239,"Saturday, June 19, 2021",18:25:09,car,1,15,11,5,0.433
240,"Saturday, June 19, 2021",18:25:37,truck,2,32,11,5,0.467
241,"Saturday, June 19, 2021",18:25:58,car,1,22,11,5,0.35
242,"Saturday, June 19, 2021",18:26:40,car,1,33,11,5,0.7
243,"Saturday, June 19, 2021",18:26:59,car,1,21,11,5,0.317
244,"Saturday, June 19, 2021",18:27:02,car,1,19,8,4,0.05
245,"Saturday, June 19, 2021",18:27:06,car,1,24,8,4,0.067
246,"Saturday, June 19, 2021",18:27:10,car,1,27,8,4,0.067
247,"Saturday, June 19, 2021",18:27:14,car,1,28,8,4,0.067
248,"Saturday, June 19, 2021",18:27:23,car,1,23,8,4,0.15
249,"Saturday, June 19, 2021",18:27:40,car,1,30,8,4,0.283
250,"Saturday, June 19, 2021",18:27:45,car,1,34,8,4,0.083
251,"Saturday, June 19, 2021",18:27:49,car,1,28,8,4,0.067
252,"Saturday, June 19, 2021",18:28:28,car,1,30,8,4,0.65
253,"Saturday, June 19, 2021",18:28:41,car,1,27,8,4,0.217
254,"Saturday, June 19, 2021",18:28:46,car,1,28,8,4,0.083
255,"Saturday, June 19, 2021",18:28:49,car,1,29,8,4,0.05
256,"Saturday, June 19, 2021",18:30:12,moto,0.5,37,12,2,0.383
257,"Saturday, June 19, 2021",18:31:16,truck,2,37,12,2,0.067
258,"Saturday, June 19, 2021",18:31:33,car,1,30,12,2,0.283
259,"Saturday, June 19, 2021",18:33:21,car,1,33,7,4,0.8
260,"Saturday, June 19, 2021",18:33:55,car,1,21,7,4,0.567
261,"Saturday, June 19, 2021",18:33:58,car,1,23,7,4,0.05
262,"Saturday, June 19, 2021",18:34:59,car,1,27,5,5,0.017
263,"Saturday, June 19, 2021",18:35:17,car,1,20,5,5,0.3
264,"Saturday, June 19, 2021",18:35:22,car,1,24,5,5,0.083
265,"Saturday, June 19, 2021",18:35:27,truck,2,21,5,5,0.083
266,"Saturday, June 19, 2021",18:36:03,car,1,21,6,1,0.6
267,"Saturday, June 19, 2021",18:36:11,car,1,24,6,1,0.133
268,"Saturday, June 19, 2021",18:36:21,car,1,29,6,1,0.167
269,"Saturday, June 19, 2021",18:36:47,car,1,26,6,1,0.433
270,"Saturday, June 19, 2021",18:37:12,car,1,31,6,1,0.417
271,"Saturday, June 19, 2021",18:37:16,car,1,32,6,1,0.067
272,"Saturday, June 19, 2021",18:37:58,car,1,29,6,1,0.7
273,"Saturday, June 19, 2021",18:38:07,car,1,23,15,2,0.15
274,"Saturday, June 19, 2021",18:38:13,truck,2,18,15,2,0.1
275,"Saturday, June 19, 2021",18:38:18,car,1,15,15,2,0.083
276,"Saturday, June 19, 2021",18:38:36,car,1,28,15,2,0.3
277,"Saturday, June 19, 2021",18:38:41,car,1,25,15,2,0.083
278,"Saturday, June 19, 2021",18:39:57,car,1,24,15,2,0.267
279,"Saturday, June 19, 2021",18:39:59,moto,0.5,26,15,2,0.033
280,"Saturday, June 19, 2021",18:41:04,car,1,30,11,1,0.083
281,"Saturday, June 19, 2021",18:41:16,moto,0.5,49,11,1,0.2
282,"Saturday, June 19, 2021",18:42:10,car,1,22,10,4,0.9
283,"Saturday, June 19, 2021",18:42:19,car,1,40,10,4,0.15
284,"Saturday, June 19, 2021",18:42:26,car,1,30,10,4,0.117
285,"Saturday, June 19, 2021",18:42:32,car,1,30,10,4,0.1
286,"Saturday, June 19, 2021",18:42:34,car,1,30,10,4,0.033
287,"Saturday, June 19, 2021",18:42:39,car,1,33,10,4,0.083
288,"Saturday, June 19, 2021",18:42:41,car,1,34,10,4,0.033
289,"Saturday, June 19, 2021",18:42:43,car,1,35,10,4,0.033
290,"Saturday, June 19, 2021",18:42:46,car,1,35,10,4,0.05
291,"Saturday, June 19, 2021",18:42:48,car,1,38,10,4,0.033
292,"Saturday, June 19, 2021",18:43:05,car,1,23,10,4,0.283
293,"Saturday, June 19, 2021",18:43:08,car,1,25,10,4,0.05
294,"Saturday, June 19, 2021",18:43:14,car,1,20,10,4,0.1
295,"Saturday, June 19, 2021",18:43:30,car,1,36,10,4,0.267
296,"Saturday, June 19, 2021",18:43:47,car,1,35,10,4,0.283
297,"Saturday, June 19, 2021",18:44:00,car,1,36,10,4,0.217
298,"Saturday, June 19, 2021",18:45:32,car,1,16,16,4,0.533
299,"Saturday, June 19, 2021",18:45:57,car,1,23,16,4,0.417
300,"Saturday, June 19, 2021",18:46:27,car,1,28,16,4,0.5
301,"Saturday, June 19, 2021",18:49:29,car,1,28,21,5,0.033
302,"Saturday, June 19, 2021",18:49:41,car,1,26,21,5,0.2
303,"Saturday, June 19, 2021",18:49:47,car,1,33,21,5,0.1
304,"Saturday, June 19, 2021",18:50:08,car,1,26,21,5,0.35
305,"Saturday, June 19, 2021",18:52:21,car,1,31,10,4,0.217
306,"Saturday, June 19, 2021",18:52:22,car,1,32,10,4,0.017
307,"Saturday, June 19, 2021",18:52:46,car,1,23,10,4,0.4
308,"Saturday, June 19, 2021",18:52:50,car,1,25,10,4,0.067
309,"Saturday, June 19, 2021",18:53:00,car,1,26,10,4,0.167
310,"Saturday, June 19, 2021",18:53:31,car,1,33,10,4,0.517
311,"Saturday, June 19, 2021",18:55:18,car,1,27,17,5,0.783
312,"Saturday, June 19, 2021",18:55:39,car,1,19,17,5,0.35
313,"Saturday, June 19, 2021",18:55:51,car,1,19,17,5,0.2
314,"Saturday, June 19, 2021",18:55:56,car,1,20,17,5,0.083
315,"Saturday, June 19, 2021",18:56:01,car,1,21,17,9,0.083
316,"Saturday, June 19, 2021",18:56:26,car,1,32,17,9,0.417
317,"Saturday, June 19, 2021",18:56:31,car,1,26,17,9,0.083
318,"Saturday, June 19, 2021",18:56:54,moto,0.5,22,17,9,0.383
319,"Saturday, June 19, 2021",18:56:57,car,1,20,17,9,0.05
320,"Saturday, June 19, 2021",18:57:00,car,1,22,17,9,0.05
321,"Saturday, June 19, 2021",18:57:04,car,1,22,17,9,0.067
322,"Saturday, June 19, 2021",18:57:12,car,1,25,17,9,0.133
323,"Saturday, June 19, 2021",18:57:16,car,1,20,17,9,0.067
324,"Saturday, June 19, 2021",18:58:56,car,1,23,17,5,0.667
325,"Saturday, June 19, 2021",19:00:10,car,1,16,16,5,0.233
326,"Saturday, June 19, 2021",19:00:26,car,1,28,16,5,0.267
327,"Saturday, June 19, 2021",19:00:40,car,1,28,16,5,0.233
328,"Saturday, June 19, 2021",19:01:29,car,1,25,16,5,0.817
329,"Saturday, June 19, 2021",19:01:58,car,1,27,16,5,0.483
330,"Saturday, June 19, 2021",19:02:23,car,1,24,12,1,0.417
331,"Saturday, June 19, 2021",19:02:34,car,1,22,12,1,0.183
332,"Saturday, June 19, 2021",19:03:10,car,1,26,12,1,0.6
333,"Saturday, June 19, 2021",19:04:39,car,1,25,11,4,0.483
334,"Saturday, June 19, 2021",19:05:02,car,1,16,11,4,0.383
335,"Saturday, June 19, 2021",19:05:06,moto,0.5,26,11,4,0.067
336,"Saturday, June 19, 2021",19:06:00,car,1,24,11,4,0.9
337,"Saturday, June 19, 2021",19:07:13,car,1,32,12,4,0.217
338,"Saturday, June 19, 2021",19:07:23,car,1,24,12,4,0.167
339,"Saturday, June 19, 2021",19:07:27,car,1,26,12,4,0.067
340,"Saturday, June 19, 2021",19:07:40,car,1,31,12,4,0.217
341,"Saturday, June 19, 2021",19:08:05,car,1,40,12,4,0.417
342,"Saturday, June 19, 2021",19:08:53,car,1,12,12,4,0.8
343,"Saturday, June 19, 2021",19:09:40,car,1,18,20,3,0.783
344,"Saturday, June 19, 2021",19:09:45,car,1,19,20,3,0.083
345,"Saturday, June 19, 2021",19:10:14,moto,0.5,5,20,3,0.483
346,"Saturday, June 19, 2021",19:12:17,car,1,21,14,3,0.05
347,"Saturday, June 19, 2021",19:12:20,car,1,22,14,3,0.05
348,"Saturday, June 19, 2021",19:12:41,car,1,22,14,3,0.35
349,"Saturday, June 19, 2021",19:13:04,car,1,21,14,3,0.383
350,"Saturday, June 19, 2021",19:13:30,car,1,16,14,3,0.433
351,"Saturday, June 19, 2021",19:14:37,long,3,11,19,2,0.117
352,"Saturday, June 19, 2021",19:15:15,car,1,25,19,2,0.633
353,"Saturday, June 19, 2021",19:15:31,car,1,23,19,2,0.267
354,"Saturday, June 19, 2021",19:15:48,car,1,35,19,2,0.283
355,"Saturday, June 19, 2021",19:18:47,car,1,29,10,5,0.983
356,"Saturday, June 19, 2021",19:19:18,car,1,24,10,5,0.517
357,"Saturday, June 19, 2021",19:19:23,car,1,25,10,5,0.083
358,"Saturday, June 19, 2021",19:20:07,car,1,28,14,4,0.733
359,"Saturday, June 19, 2021",19:20:42,car,1,20,14,4,0.583
360,"Saturday, June 19, 2021",19:21:28,car,1,23,14,4,0.767
361,"Saturday, June 19, 2021",19:21:39,car,1,23,14,4,0.183
362,"Saturday, June 19, 2021",19:21:42,car,1,26,14,4,0.05
363,"Saturday, June 19, 2021",19:22:10,car,1,29,22,2,0.467
364,"Saturday, June 19, 2021",19:22:57,car,1,20,22,2,0.783
365,"Saturday, June 19, 2021",19:23:04,car,1,20,22,2,0.117
366,"Saturday, June 19, 2021",19:23:08,car,1,21,22,2,0.067
367,"Saturday, June 19, 2021",19:23:12,car,1,20,22,2,0.067
368,"Saturday, June 19, 2021",19:23:17,car,1,22,22,2,0.083
369,"Saturday, June 19, 2021",19:24:05,car,1,24,21,4,0.8
370,"Saturday, June 19, 2021",19:24:32,long,3,18,21,4,0.45
371,"Saturday, June 19, 2021",19:24:37,car,1,17,21,4,0.083
372,"Saturday, June 19, 2021",19:24:43,car,1,17,21,4,0.1
373,"Saturday, June 19, 2021",19:24:48,car,1,17,21,4,0.083
374,"Saturday, June 19, 2021",19:24:55,car,1,17,21,4,0.117
375,"Saturday, June 19, 2021",19:25:00,car,1,15,21,4,0.083
376,"Saturday, June 19, 2021",19:25:59,moto,0.5,19,21,4,0.983
377,"Saturday, June 19, 2021",19:26:07,car,1,12,15,3,0.133
378,"Saturday, June 19, 2021",19:26:11,car,1,12,15,3,0.067
379,"Saturday, June 19, 2021",19:26:50,car,1,27,15,3,0.65
380,"Saturday, June 19, 2021",19:27:34,car,1,24,15,3,0.733
381,"Saturday, June 19, 2021",19:29:01,car,1,17,14,7,0.45
382,"Saturday, June 19, 2021",19:29:05,car,1,18,14,7,0.067
383,"Saturday, June 19, 2021",19:29:35,car,1,19,14,7,0.5
384,"Saturday, June 19, 2021",19:29:51,car,1,22,14,7,0.267
385,"Saturday, June 19, 2021",19:29:53,car,1,23,14,7,0.033
386,"Saturday, June 19, 2021",19:30:13,car,1,27,16,3,0.333
387,"Saturday, June 19, 2021",19:30:19,moto,0.5,20,16,3,0.1
388,"Saturday, June 19, 2021",19:30:38,car,1,31,16,3,0.317
389,"Saturday, June 19, 2021",19:31:34,car,1,28,16,3,0.933
390,"Saturday, June 19, 2021",19:36:44,car,1,20,15,4,0.167
391,"Saturday, June 19, 2021",19:37:32,car,1,24,15,4,0.8
392,"Saturday, June 19, 2021",19:37:49,car,1,23,15,4,0.283
393,"Saturday, June 19, 2021",19:37:57,car,1,16,15,4,0.133
394,"Saturday, June 19, 2021",19:38:02,car,1,16,16,4,0.083
395,"Saturday, June 19, 2021",19:38:08,car,1,17,16,4,0.1
396,"Saturday, June 19, 2021",19:38:11,car,1,19,16,4,0.05
397,"Saturday, June 19, 2021",19:38:58,car,1,34,16,4,0.783
398,"Saturday, June 19, 2021",19:39:29,car,1,15,16,4,0.517
399,"Saturday, June 19, 2021",19:39:34,car,1,16,16,4,0.083
400,"Saturday, June 19, 2021",19:39:36,car,1,18,16,4,0.033
401,"Saturday, June 19, 2021",19:40:12,car,1,28,21,8,0.6
402,"Saturday, June 19, 2021",19:40:30,car,1,19,21,8,0.3
403,"Saturday, June 19, 2021",19:40:32,car,1,21,21,8,0.033
404,"Saturday, June 19, 2021",19:40:38,car,1,18,21,8,0.1
405,"Saturday, June 19, 2021",19:41:23,car,1,15,21,8,0.75
406,"Saturday, June 19, 2021",19:43:08,car,1,24,27,7,0.75
407,"Saturday, June 19, 2021",19:43:11,car,1,18,27,7,0.05
408,"Saturday, June 19, 2021",19:43:19,car,1,14,27,7,0.133
409,"Saturday, June 19, 2021",19:43:55,car,1,18,27,7,0.6
410,"Saturday, June 19, 2021",19:43:58,car,1,19,27,7,0.05
411,"Saturday, June 19, 2021",19:44:02,car,1,20,27,7,0.067
412,"Saturday, June 19, 2021",19:44:26,car,1,23,27,7,0.4
413,"Saturday, June 19, 2021",19:44:43,car,1,20,27,7,0.283
414,"Saturday, June 19, 2021",19:44:57,car,1,23,27,7,0.233
415,"Saturday, June 19, 2021",19:45:26,car,1,18,15,4,0.483
416,"Saturday, June 19, 2021",19:45:54,car,1,12,15,4,0.467
417,"Saturday, June 19, 2021",19:45:57,car,1,12,15,4,0.05
418,"Saturday, June 19, 2021",19:46:01,car,1,13,15,4,0.067
419,"Saturday, June 19, 2021",19:46:17,car,1,19,15,4,0.267
420,"Saturday, June 19, 2021",19:46:39,car,1,23,15,4,0.367
421,"Saturday, June 19, 2021",19:46:56,car,1,27,15,4,0.283
422,"Saturday, June 19, 2021",19:47:02,car,1,24,24,5,0.1
423,"Saturday, June 19, 2021",19:47:24,car,1,32,24,5,0.367
424,"Saturday, June 19, 2021",19:48:14,car,1,29,24,5,0.833
425,"Saturday, June 19, 2021",19:48:35,car,1,20,24,5,0.35
426,"Saturday, June 19, 2021",19:48:39,car,1,24,24,5,0.067
427,"Saturday, June 19, 2021",19:48:44,car,1,23,24,5,0.083
428,"Saturday, June 19, 2021",19:49:56,car,1,20,15,3,0.2
429,"Saturday, June 19, 2021",19:49:58,car,1,24,15,3,0.033
430,"Saturday, June 19, 2021",19:50:41,car,1,17,15,3,0.717
431,"Saturday, June 19, 2021",19:50:46,car,1,16,15,3,0.083
432,"Saturday, June 19, 2021",19:50:49,car,1,23,15,3,0.05
433,"Saturday, June 19, 2021",19:51:21,car,1,32,20,4,0.533
434,"Saturday, June 19, 2021",19:51:26,car,1,25,20,4,0.083
435,"Saturday, June 19, 2021",19:52:11,truck,2,10,27,7,0.75
436,"Saturday, June 19, 2021",19:52:24,car,1,10,27,7,0.217
437,"Saturday, June 19, 2021",19:52:30,car,1,11,27,7,0.1
438,"Saturday, June 19, 2021",19:52:37,car,1,11,27,7,0.117
439,"Saturday, June 19, 2021",19:52:43,car,1,13,27,7,0.1
440,"Saturday, June 19, 2021",19:52:57,car,1,11,27,7,0.233
441,"Saturday, June 19, 2021",19:53:01,car,1,13,27,7,0.067
442,"Saturday, June 19, 2021",19:53:25,car,1,16,27,7,0.4
443,"Saturday, June 19, 2021",19:53:58,car,1,26,27,7,0.55
444,"Saturday, June 19, 2021",19:56:01,car,1,34,33,8,0.05
445,"Saturday, June 19, 2021",19:56:06,car,1,27,33,8,0.083
446,"Saturday, June 19, 2021",19:57:14,car,1,24,39,13,0.133
447,"Saturday, June 19, 2021",19:57:32,car,1,17,39,13,0.3
448,"Saturday, June 19, 2021",19:57:35,car,1,20,39,13,0.05
449,"Saturday, June 19, 2021",19:58:43,car,1,12,30,10,0.133
450,"Saturday, June 19, 2021",19:58:48,car,1,12,30,10,0.083
451,"Saturday, June 19, 2021",19:58:52,moto,0.5,14,30,10,0.067
452,"Saturday, June 19, 2021",19:59:29,car,1,18,30,10,0.617
453,"Saturday, June 19, 2021",20:01:15,long,3,15,44,9,0.767
454,"Saturday, June 19, 2021",20:01:18,car,1,15,44,9,0.05
455,"Saturday, June 19, 2021",20:01:19,moto,0.5,24,44,9,0.017
456,"Saturday, June 19, 2021",20:02:05,car,1,25,44,9,0.767
457,"Saturday, June 19, 2021",20:02:19,moto,0.5,35,44,9,0.233
458,"Saturday, June 19, 2021",20:02:34,moto,0.5,32,44,9,0.25
459,"Saturday, June 19, 2021",20:03:53,car,1,24,25,6,0.317
460,"Saturday, June 19, 2021",20:03:56,moto,0.5,35,25,6,0.05
461,"Saturday, June 19, 2021",20:04:48,car,1,22,25,6,0.867
462,"Saturday, June 19, 2021",20:05:10,car,1,26,42,10,0.367
463,"Saturday, June 19, 2021",20:05:41,moto,0.5,52,42,10,0.517
464,"Saturday, June 19, 2021",20:06:40,car,1,21,42,10,0.983
465,"Saturday, June 19, 2021",20:07:08,moto,0.5,32,53,14,0.467
466,"Saturday, June 19, 2021",20:07:26,car,1,20,53,14,0.3
467,"Saturday, June 19, 2021",20:08:11,truck,2,9,53,14,0.75
468,"Saturday, June 19, 2021",20:10:18,car,1,19,34,9,0.117
469,"Saturday, June 19, 2021",18:30:44,moto,0.5,40,2,0,0
470,"Saturday, June 19, 2021",18:31:47,car,1,37,2,0,0.05
471,"Saturday, June 19, 2021",18:31:55,car,1,38,2,0,0.133
472,"Saturday, June 19, 2021",18:32:07,car,1,28,10,2,0.2
473,"Saturday, June 19, 2021",18:32:11,car,1,27,10,2,0.067
474,"Saturday, June 19, 2021",18:32:13,car,1,29,10,2,0.033
475,"Saturday, June 19, 2021",18:32:15,car,1,6,10,2,0.033
476,"Saturday, June 19, 2021",18:32:29,car,1,43,10,2,0.233
477,"Saturday, June 19, 2021",18:32:55,car,1,32,10,2,0.433
478,"Saturday, June 19, 2021",18:33:36,truck,2,32,10,2,0.683
479,"Saturday, June 19, 2021",18:33:38,moto,0.5,40,10,2,0.033
480,"Saturday, June 19, 2021",18:34:32,truck,2,39,13,3,0.9
481,"Saturday, June 19, 2021",18:34:49,car,1,30,13,3,0.283
482,"Saturday, June 19, 2021",18:35:04,car,1,35,13,3,0.25
483,"Saturday, June 19, 2021",18:41:52,car,1,31,12,0,0.8
484,"Saturday, June 19, 2021",18:42:15,car,1,42,12,0,0.383
485,"Saturday, June 19, 2021",18:42:20,car,1,34,12,0,0.083
486,"Saturday, June 19, 2021",18:42:26,car,1,37,12,0,0.1
487,"Saturday, June 19, 2021",18:42:28,car,1,55,12,0,0.033
488,"Saturday, June 19, 2021",18:43:14,car,1,15,9,1,0.767
489,"Saturday, June 19, 2021",18:44:22,car,1,16,9,1,0.133
490,"Saturday, June 19, 2021",18:44:25,moto,0.5,36,9,1,0.05
491,"Saturday, June 19, 2021",18:44:39,car,1,37,9,1,0.233
492,"Saturday, June 19, 2021",18:46:08,car,1,11,7,2,0.483
493,"Saturday, June 19, 2021",18:46:47,car,1,29,7,2,0.65
494,"Saturday, June 19, 2021",18:46:58,car,1,33,7,2,0.183
495,"Saturday, June 19, 2021",18:47:49,car,1,30,7,2,0.85
496,"Saturday, June 19, 2021",18:54:11,car,1,30,13,3,0.367
497,"Saturday, June 19, 2021",18:54:14,car,1,24,13,3,0.05
498,"Saturday, June 19, 2021",18:54:37,car,1,33,13,3,0.383
499,"Saturday, June 19, 2021",18:54:40,moto,0.5,14,13,3,0.05
500,"Saturday, June 19, 2021",18:54:55,car,1,43,13,3,0.25
501,"Saturday, June 19, 2021",18:55:59,car,1,38,12,0,0.067
502,"Saturday, June 19, 2021",18:56:05,car,1,28,12,0,0.1
503,"Saturday, June 19, 2021",18:56:31,car,1,24,12,0,0.433
504,"Saturday, June 19, 2021",18:56:58,car,1,23,12,0,0.45
505,"Saturday, June 19, 2021",18:58:25,moto,0.5,14,16,4,0.45
506,"Saturday, June 19, 2021",18:59:56,car,1,35,16,4,0.517
507,"Saturday, June 19, 2021",19:01:10,truck,2,26,15,3,0.233
508,"Saturday, June 19, 2021",19:01:12,car,1,39,15,3,0.033
509,"Saturday, June 19, 2021",19:01:20,car,1,28,15,3,0.133
510,"Saturday, June 19, 2021",19:01:37,car,1,25,15,3,0.283
511,"Saturday, June 19, 2021",19:01:40,car,1,26,15,3,0.05
512,"Saturday, June 19, 2021",19:02:05,car,1,32,15,3,0.417
513,"Saturday, June 19, 2021",19:02:56,car,1,30,15,3,0.85
514,"Saturday, June 19, 2021",19:03:15,car,1,26,13,2,0.317
515,"Saturday, June 19, 2021",19:03:17,car,1,23,13,2,0.033
516,"Saturday, June 19, 2021",19:03:26,car,1,29,13,2,0.15
517,"Saturday, June 19, 2021",19:04:03,car,1,22,13,2,0.617
518,"Saturday, June 19, 2021",19:04:16,moto,0.5,38,13,2,0.217
519,"Saturday, June 19, 2021",19:04:20,car,1,41,13,2,0.067
520,"Saturday, June 19, 2021",19:04:59,car,1,20,13,2,0.65
521,"Saturday, June 19, 2021",19:05:07,moto,0.5,32,15,2,0.133
522,"Saturday, June 19, 2021",19:05:09,car,1,31,15,2,0.033
523,"Saturday, June 19, 2021",19:05:38,car,1,30,15,2,0.483
524,"Saturday, June 19, 2021",19:06:15,car,1,24,15,2,0.617
525,"Saturday, June 19, 2021",19:06:20,car,1,23,15,2,0.083
526,"Saturday, June 19, 2021",19:06:34,car,1,26,15,2,0.233
527,"Saturday, June 19, 2021",19:06:39,car,1,18,15,2,0.083
528,"Saturday, June 19, 2021",19:06:43,car,1,26,15,2,0.067
529,"Saturday, June 19, 2021",19:06:45,moto,0.5,26,15,2,0.033
530,"Saturday, June 19, 2021",19:06:56,car,1,32,15,2,0.183
531,"Saturday, June 19, 2021",19:08:08,truck,2,12,8,3,0.2
532,"Saturday, June 19, 2021",19:08:10,car,1,11,8,3,0.033
533,"Saturday, June 19, 2021",19:08:12,moto,0.5,12,8,3,0.033
534,"Saturday, June 19, 2021",19:09:44,car,1,8,8,3,0.533
535,"Saturday, June 19, 2021",19:09:45,moto,0.5,37,8,3,0.017
536,"Saturday, June 19, 2021",19:11:35,car,1,55,12,2,0.833
537,"Saturday, June 19, 2021",19:13:03,truck,2,32,13,1,0.467
538,"Saturday, June 19, 2021",19:13:06,car,1,23,13,1,0.05
539,"Saturday, June 19, 2021",19:13:39,car,1,24,13,1,0.55
540,"Saturday, June 19, 2021",19:13:46,car,1,28,13,1,0.117
541,"Saturday, June 19, 2021",19:14:44,truck,2,27,13,1,0.967
542,"Saturday, June 19, 2021",19:15:04,car,1,38,16,3,0.333
543,"Saturday, June 19, 2021",19:15:51,moto,0.5,8,16,3,0.783
544,"Saturday, June 19, 2021",19:16:05,moto,0.5,26,16,3,0.233
545,"Saturday, June 19, 2021",19:16:08,car,1,31,16,3,0.05
546,"Saturday, June 19, 2021",19:16:54,car,1,33,16,3,0.767
547,"Saturday, June 19, 2021",19:16:57,car,1,30,16,3,0.05
548,"Saturday, June 19, 2021",19:18:00,car,1,26,14,2,0.05
549,"Saturday, June 19, 2021",19:18:07,car,1,26,14,2,0.117
550,"Saturday, June 19, 2021",19:18:15,car,1,33,14,2,0.133
551,"Saturday, June 19, 2021",19:18:16,car,1,37,14,2,0.017
552,"Saturday, June 19, 2021",19:18:17,moto,0.5,44,14,2,0.017
553,"Saturday, June 19, 2021",19:18:47,moto,0.5,28,14,2,0.5
554,"Saturday, June 19, 2021",19:19:16,car,1,29,14,2,0.483
555,"Saturday, June 19, 2021",19:20:21,car,1,46,8,4,0.083
556,"Saturday, June 19, 2021",19:20:39,car,1,27,8,4,0.3
557,"Saturday, June 19, 2021",19:21:00,car,1,6,8,4,0.35
558,"Saturday, June 19, 2021",19:21:33,car,1,41,8,4,0.55
559,"Saturday, June 19, 2021",19:22:10,truck,2,35,11,3,0.617
560,"Saturday, June 19, 2021",19:22:56,long,3,18,11,3,0.767
561,"Saturday, June 19, 2021",19:23:00,car,1,22,11,3,0.067
562,"Saturday, June 19, 2021",19:23:03,car,1,25,11,3,0.05
563,"Saturday, June 19, 2021",19:23:08,car,1,21,11,3,0.083
564,"Saturday, June 19, 2021",19:23:24,car,1,19,11,3,0.267
565,"Saturday, June 19, 2021",19:23:30,car,1,16,11,3,0.1
566,"Saturday, June 19, 2021",19:26:16,car,1,27,22,3,0.767
567,"Saturday, June 19, 2021",19:26:21,car,1,25,22,3,0.083
568,"Saturday, June 19, 2021",19:26:24,car,1,25,22,3,0.05
569,"Saturday, June 19, 2021",19:26:34,car,1,25,22,3,0.167
570,"Saturday, June 19, 2021",19:26:47,car,1,29,22,3,0.217
571,"Saturday, June 19, 2021",19:26:51,car,1,24,22,3,0.067
572,"Saturday, June 19, 2021",19:26:58,moto,0.5,21,22,3,0.117
573,"Saturday, June 19, 2021",19:27:05,car,1,19,12,1,0.117
574,"Saturday, June 19, 2021",19:27:13,car,1,30,12,1,0.133
575,"Saturday, June 19, 2021",19:27:37,car,1,28,12,1,0.4
576,"Saturday, June 19, 2021",19:27:40,car,1,6,12,1,0.05
577,"Saturday, June 19, 2021",19:27:42,car,1,5,12,1,0.033
578,"Saturday, June 19, 2021",19:27:59,truck,2,26,12,1,0.283
579,"Saturday, June 19, 2021",19:28:27,car,1,35,12,1,0.467
580,"Saturday, June 19, 2021",19:28:42,car,1,26,12,1,0.25
581,"Saturday, June 19, 2021",19:29:12,car,1,52,8,4,0.5
582,"Saturday, June 19, 2021",19:29:52,car,1,32,8,4,0.667
583,"Saturday, June 19, 2021",19:30:10,car,1,32,8,4,0.3
584,"Saturday, June 19, 2021",19:30:37,car,1,29,8,4,0.45
585,"Saturday, June 19, 2021",19:30:41,truck,2,40,8,4,0.067
586,"Saturday, June 19, 2021",19:30:52,car,1,39,8,4,0.183
587,"Saturday, June 19, 2021",19:33:14,car,1,9,15,1,0.367
588,"Saturday, June 19, 2021",19:33:23,moto,0.5,29,15,1,0.15
589,"Saturday, June 19, 2021",19:33:55,truck,2,35,15,1,0.533
590,"Saturday, June 19, 2021",19:35:23,car,1,36,17,3,0.467
591,"Saturday, June 19, 2021",19:35:32,car,1,35,17,3,0.15
592,"Saturday, June 19, 2021",19:36:04,truck,2,24,17,3,0.533
593,"Saturday, June 19, 2021",19:36:22,car,1,26,17,3,0.3
594,"Saturday, June 19, 2021",19:36:28,car,1,26,17,3,0.1
595,"Saturday, June 19, 2021",19:36:32,car,1,24,17,3,0.067
596,"Saturday, June 19, 2021",19:36:48,car,1,40,17,3,0.267
597,"Saturday, June 19, 2021",19:43:05,truck,2,12,10,2,0.283
598,"Saturday, June 19, 2021",19:43:09,truck,2,12,10,2,0.067
599,"Saturday, June 19, 2021",19:44:03,car,1,32,10,2,0.9
600,"Saturday, June 19, 2021",19:44:28,car,1,32,10,2,0.417
601,"Saturday, June 19, 2021",19:44:38,car,1,7,10,2,0.167
602,"Saturday, June 19, 2021",19:44:41,truck,2,28,10,2,0.05
603,"Saturday, June 19, 2021",19:44:47,car,1,31,10,2,0.1
604,"Saturday, June 19, 2021",19:44:53,truck,2,38,10,2,0.1
605,"Saturday, June 19, 2021",19:44:55,car,1,27,10,2,0.033
606,"Saturday, June 19, 2021",19:45:29,car,1,29,5,1,0.567
607,"Saturday, June 19, 2021",19:45:34,moto,0.5,38,5,1,0.083
608,"Saturday, June 19, 2021",19:45:44,car,1,28,5,1,0.167
609,"Saturday, June 19, 2021",19:46:20,car,1,32,5,1,0.6
610,"Saturday, June 19, 2021",19:46:43,car,1,38,5,1,0.383
611,"Saturday, June 19, 2021",19:47:23,car,1,20,12,3,0.667
612,"Saturday, June 19, 2021",19:47:50,car,1,40,12,3,0.45
613,"Saturday, June 19, 2021",19:48:40,car,1,36,12,3,0.833
614,"Saturday, June 19, 2021",19:48:54,car,1,30,12,3,0.233
615,"Saturday, June 19, 2021",19:49:55,car,1,43,9,2,0.017
616,"Saturday, June 19, 2021",19:50:24,truck,2,32,9,2,0.483
617,"Saturday, June 19, 2021",19:50:35,car,1,29,9,2,0.183
618,"Saturday, June 19, 2021",19:50:41,car,1,36,9,2,0.1
619,"Saturday, June 19, 2021",19:51:49,car,1,24,7,3,0.133
620,"Saturday, June 19, 2021",19:52:08,car,1,40,7,3,0.317
621,"Saturday, June 19, 2021",19:52:24,car,1,39,7,3,0.267
622,"Saturday, June 19, 2021",19:52:46,car,1,36,7,3,0.367
623,"Saturday, June 19, 2021",19:54:16,car,1,55,16,3,0.5
624,"Saturday, June 19, 2021",19:54:27,car,1,53,16,3,0.183
625,"Saturday, June 19, 2021",19:54:31,car,1,34,16,3,0.067
626,"Saturday, June 19, 2021",19:54:33,car,1,33,16,3,0.033
627,"Saturday, June 19, 2021",19:54:43,truck,2,38,16,3,0.167
628,"Saturday, June 19, 2021",19:55:23,moto,0.5,51,16,3,0.667
629,"Saturday, June 19, 2021",19:55:34,car,1,17,16,3,0.183
630,"Saturday, June 19, 2021",19:56:54,car,1,41,15,5,0.333
631,"Saturday, June 19, 2021",19:57:22,truck,2,20,15,5,0.467
632,"Saturday, June 19, 2021",19:57:38,truck,2,38,15,5,0.267
633,"Saturday, June 19, 2021",19:58:18,car,1,24,13,1,0.667
634,"Saturday, June 19, 2021",19:58:41,car,1,27,13,1,0.383
635,"Saturday, June 19, 2021",19:58:43,car,1,27,13,1,0.033
636,"Saturday, June 19, 2021",19:59:01,truck,2,32,13,1,0.3
637,"Saturday, June 19, 2021",19:59:03,car,1,34,13,1,0.033
638,"Saturday, June 19, 2021",19:59:16,moto,0.5,30,13,1,0.217
639,"Saturday, June 19, 2021",19:59:22,car,1,31,13,1,0.1
640,"Saturday, June 19, 2021",20:00:34,long,3,16,10,1,0.2
641,"Saturday, June 19, 2021",20:00:48,car,1,31,10,1,0.233
642,"Saturday, June 19, 2021",20:01:10,car,1,36,10,1,0.367
643,"Saturday, June 19, 2021",20:01:31,moto,0.5,46,10,1,0.35
644,"Saturday, June 19, 2021",20:01:54,moto,0.5,16,10,1,0.383
645,"Saturday, June 19, 2021",20:02:48,moto,0.5,30,9,1,0.9
646,"Saturday, June 19, 2021",20:03:19,moto,0.5,15,9,1,0.517
647,"Saturday, June 19, 2021",20:03:26,car,1,30,9,1,0.117
648,"Saturday, June 19, 2021",20:03:35,car,1,29,9,1,0.15
649,"Saturday, June 19, 2021",20:05:15,car,1,22,9,5,0.667
650,"Saturday, June 19, 2021",20:06:01,truck,2,25,9,5,0.767
651,"Saturday, June 19, 2021",20:06:12,car,1,30,9,5,0.183
652,"Saturday, June 19, 2021",20:06:16,car,1,23,9,5,0.067
653,"Saturday, June 19, 2021",20:06:21,car,1,26,9,5,0.083
654,"Saturday, June 19, 2021",20:06:45,car,1,35,9,5,0.4
655,"Saturday, June 19, 2021",20:06:51,truck,2,28,9,5,0.1
656,"Saturday, June 19, 2021",20:09:30,car,1,29,16,4,0.65
657,"Saturday, June 19, 2021",20:10:23,car,1,31,16,4,0.883
658,"Saturday, June 19, 2021",20:10:47,car,1,34,16,4,0.4
659,"Saturday, June 19, 2021",20:12:12,car,1,38,17,5,0.417
660,"Saturday, June 19, 2021",20:12:30,car,1,23,17,5,0.3
661,"Saturday, June 19, 2021",20:12:30,car,1,24,17,5,0
662,"Saturday, June 19, 2021",20:12:35,car,1,31,17,5,0.083
663,"Saturday, June 19, 2021",20:13:08,moto,0.5,10,17,5,0.55
664,"Saturday, June 19, 2021",20:13:33,truck,2,19,17,5,0.417
665,"Saturday, June 19, 2021",20:13:42,car,1,20,17,5,0.15
666,"Saturday, June 19, 2021",20:13:58,moto,0.5,54,17,5,0.267
667,"Saturday, June 19, 2021",20:16:22,car,1,14,9,4,0.4
668,"Saturday, June 19, 2021",20:16:23,moto,0.5,15,9,4,0.017
669,"Saturday, June 19, 2021",20:16:43,car,1,38,9,4,0.333
670,"Saturday, June 19, 2021",20:17:04,car,1,8,9,4,0.35
671,"Saturday, June 19, 2021",20:17:13,truck,2,23,9,4,0.15
672,"Saturday, June 19, 2021",20:17:26,car,1,33,9,4,0.217
673,"Saturday, June 19, 2021",20:17:33,car,1,27,9,4,0.117
674,"Saturday, June 19, 2021",20:17:39,car,1,35,9,4,0.1
675,"Saturday, June 19, 2021",20:17:57,car,1,33,9,4,0.3
676,"Saturday, June 19, 2021",20:19:02,car,1,26,12,2,0.083
677,"Saturday, June 19, 2021",20:19:07,car,1,9,12,2,0.083
678,"Saturday, June 19, 2021",20:20:55,moto,0.5,30,12,2,0.8
679,"Saturday, June 19, 2021",20:20:56,car,1,31,12,2,0.017
680,"Saturday, June 19, 2021",20:21:02,moto,0.5,8,13,4,0.1
681,"Saturday, June 19, 2021",20:21:31,car,1,30,13,4,0.483
682,"Saturday, June 19, 2021",20:21:45,car,1,38,13,4,0.233
683,"Saturday, June 19, 2021",20:22:04,moto,0.5,46,13,4,0.317
684,"Saturday, June 19, 2021",20:22:16,long,3,16,13,4,0.2
685,"Saturday, June 19, 2021",20:22:27,car,1,23,13,4,0.183
686,"Saturday, June 19, 2021",20:22:43,car,1,29,13,4,0.267
687,"Saturday, June 19, 2021",20:23:44,truck,2,35,20,5,0.017
688,"Saturday, June 19, 2021",20:23:55,car,1,29,20,5,0.183
689,"Saturday, June 19, 2021",20:24:03,car,1,6,20,5,0.133
690,"Saturday, June 19, 2021",20:24:17,truck,2,20,20,5,0.233
691,"Saturday, June 19, 2021",20:24:22,car,1,11,20,5,0.083
692,"Saturday, June 19, 2021",20:24:40,car,1,28,20,5,0.3
693,"Saturday, June 19, 2021",20:24:46,truck,2,11,20,5,0.1
694,"Saturday, June 19, 2021",20:24:50,car,1,27,20,5,0.067
695,"Saturday, June 19, 2021",20:24:56,truck,2,52,20,5,0.1
696,"Saturday, June 19, 2021",20:25:34,car,1,10,14,4,0.633
697,"Saturday, June 19, 2021",20:25:42,car,1,8,14,4,0.133
698,"Saturday, June 19, 2021",20:26:03,moto,0.5,35,14,4,0.35
699,"Saturday, June 19, 2021",20:26:04,car,1,33,14,4,0.017
700,"Saturday, June 19, 2021",20:26:50,moto,0.5,12,14,4,0.767
701,"Saturday, June 19, 2021",20:29:27,truck,2,24,25,2,0.617
702,"Saturday, June 19, 2021",20:29:30,truck,2,22,25,2,0.05
703,"Saturday, June 19, 2021",20:29:35,moto,0.5,24,25,2,0.083
704,"Saturday, June 19, 2021",20:29:46,moto,0.5,19,25,2,0.183
705,"Saturday, June 19, 2021",20:29:52,car,1,20,25,2,0.1
706,"Saturday, June 19, 2021",20:29:54,car,1,9,25,2,0.033
707,"Saturday, June 19, 2021",20:29:55,moto,0.5,16,25,2,0.017
708,"Saturday, June 19, 2021",20:29:59,car,1,20,25,2,0.067
709,"Saturday, June 19, 2021",20:30:05,car,1,28,14,3,0.1
710,"Saturday, June 19, 2021",20:30:19,car,1,25,14,3,0.233
711,"Saturday, June 19, 2021",20:30:38,car,1,30,14,3,0.317
712,"Saturday, June 19, 2021",20:31:16,moto,0.5,40,14,3,0.633
713,"Saturday, June 19, 2021",20:31:24,car,1,21,14,3,0.133
714,"Saturday, June 19, 2021",20:31:26,car,1,21,14,3,0.033
715,"Saturday, June 19, 2021",20:31:56,car,1,19,14,3,0.5
716,"Saturday, June 19, 2021",20:32:13,car,1,20,37,1,0.283
717,"Saturday, June 19, 2021",20:32:15,car,1,22,37,1,0.033
718,"Saturday, June 19, 2021",20:32:43,car,1,9,37,1,0.467
719,"Saturday, June 19, 2021",20:32:48,car,1,27,37,1,0.083
720,"Saturday, June 19, 2021",20:32:55,car,1,8,37,1,0.117
721,"Saturday, June 19, 2021",20:33:08,car,1,30,37,1,0.217
722,"Saturday, June 19, 2021",20:33:33,moto,0.5,29,37,1,0.417
723,"Saturday, June 19, 2021",20:33:40,car,1,20,37,1,0.117
724,"Saturday, June 19, 2021",20:34:04,car,1,29,30,1,0.4
725,"Saturday, June 19, 2021",20:34:10,car,1,9,30,1,0.1
726,"Saturday, June 19, 2021",20:34:15,car,1,28,30,1,0.083
727,"Saturday, June 19, 2021",20:34:22,car,1,37,30,1,0.117
728,"Saturday, June 19, 2021",20:34:25,moto,0.5,26,30,1,0.05
729,"Saturday, June 19, 2021",20:34:26,car,1,27,30,1,0.017
730,"Saturday, June 19, 2021",20:34:47,car,1,18,30,1,0.35
731,"Saturday, June 19, 2021",20:35:02,truck,2,25,30,1,0.25
732,"Saturday, June 19, 2021",20:37:34,car,1,28,13,2,0.533
733,"Saturday, June 19, 2021",20:37:52,truck,2,38,13,2,0.3
734,"Saturday, June 19, 2021",20:38:10,car,1,27,13,2,0.3
735,"Saturday, June 19, 2021",20:38:15,car,1,29,13,2,0.083
736,"Saturday, June 19, 2021",20:38:16,car,1,34,13,2,0.017
737,"Saturday, June 19, 2021",20:38:58,truck,2,18,13,2,0.7
738,"Saturday, June 19, 2021",11:46:28,car,1,34,7,0,0
739,"Saturday, June 19, 2021",11:47:01,car,1,33,10,0,0.55
740,"Saturday, June 19, 2021",11:47:18,moto,0.5,27,10,0,0.283
741,"Saturday, June 19, 2021",11:47:44,car,1,30,10,0,0.433
742,"Saturday, June 19, 2021",11:47:48,car,1,29,10,0,0.067
743,"Saturday, June 19, 2021",11:48:05,car,1,30,10,0,0.283
744,"Saturday, June 19, 2021",11:48:48,car,1,34,10,0,0.717
745,"Saturday, June 19, 2021",11:48:50,car,1,32,10,0,0.033
746,"Saturday, June 19, 2021",11:49:24,car,1,25,8,0,0.567
747,"Saturday, June 19, 2021",11:50:11,car,1,16,8,0,0.783
748,"Saturday, June 19, 2021",11:51:19,car,1,24,8,2,0.133
749,"Saturday, June 19, 2021",11:51:37,car,1,23,8,2,0.3
750,"Saturday, June 19, 2021",11:51:40,car,1,23,8,2,0.05
751,"Saturday, June 19, 2021",11:51:45,car,1,32,8,2,0.083
752,"Saturday, June 19, 2021",11:52:00,car,1,40,8,2,0.25
753,"Saturday, June 19, 2021",11:54:40,car,1,43,5,0,0.667
754,"Saturday, June 19, 2021",11:54:45,moto,0.5,35,5,0,0.083
755,"Saturday, June 19, 2021",11:54:48,car,1,33,5,0,0.05
756,"Saturday, June 19, 2021",11:54:54,moto,0.5,33,5,0,0.1
757,"Saturday, June 19, 2021",11:55:03,car,1,31,5,0,0.15
758,"Saturday, June 19, 2021",11:55:09,moto,0.5,25,5,0,0.1
759,"Saturday, June 19, 2021",11:55:21,car,1,34,5,0,0.2
760,"Saturday, June 19, 2021",11:56:31,truck,2,33,8,3,0.167
761,"Saturday, June 19, 2021",11:57:13,car,1,21,8,3,0.7
762,"Saturday, June 19, 2021",11:57:15,car,1,23,8,3,0.033
763,"Saturday, June 19, 2021",11:57:20,moto,0.5,23,8,3,0.083
764,"Saturday, June 19, 2021",11:59:07,truck,2,33,10,0,0.783
765,"Saturday, June 19, 2021",11:59:36,car,1,25,10,0,0.483
766,"Saturday, June 19, 2021",11:59:41,car,1,22,10,0,0.083
767,"Saturday, June 19, 2021",12:01:43,car,1,23,5,1,0.033
768,"Saturday, June 19, 2021",12:01:52,car,1,36,5,1,0.15
769,"Saturday, June 19, 2021",12:02:37,car,1,38,5,1,0.75
770,"Saturday, June 19, 2021",12:02:54,car,1,35,5,1,0.283
771,"Saturday, June 19, 2021",12:03:17,car,1,29,11,2,0.383
772,"Saturday, June 19, 2021",12:03:23,car,1,38,11,2,0.1
773,"Saturday, June 19, 2021",12:03:29,car,1,32,11,2,0.1
774,"Saturday, June 19, 2021",12:03:32,car,1,31,11,2,0.05
775,"Saturday, June 19, 2021",12:03:35,car,1,33,11,2,0.05
776,"Saturday, June 19, 2021",12:03:45,car,1,28,11,2,0.167
777,"Saturday, June 19, 2021",12:04:44,moto,0.5,25,11,2,0.983
778,"Saturday, June 19, 2021",12:04:45,car,1,26,11,2,0.017
779,"Saturday, June 19, 2021",12:04:48,car,1,12,11,2,0.05
780,"Saturday, June 19, 2021",12:05:02,car,1,31,27,1,0.233
781,"Saturday, June 19, 2021",12:05:09,car,1,26,27,1,0.117
782,"Saturday, June 19, 2021",12:05:22,car,1,28,27,1,0.217
783,"Saturday, June 19, 2021",12:05:27,moto,0.5,18,27,1,0.083
784,"Saturday, June 19, 2021",12:06:17,car,1,28,27,1,0.833
785,"Saturday, June 19, 2021",12:06:20,car,1,33,27,1,0.05
786,"Saturday, June 19, 2021",12:06:33,car,1,35,27,1,0.217
787,"Saturday, June 19, 2021",12:06:36,moto,0.5,15,27,1,0.05
788,"Saturday, June 19, 2021",12:06:40,car,1,37,27,1,0.067
789,"Saturday, June 19, 2021",12:06:41,moto,0.5,20,27,1,0.017
790,"Saturday, June 19, 2021",12:06:56,car,1,28,27,1,0.25
791,"Saturday, June 19, 2021",12:08:12,car,1,32,11,3,0.267
792,"Saturday, June 19, 2021",12:08:15,car,1,30,11,3,0.05
793,"Saturday, June 19, 2021",12:09:09,car,1,33,11,3,0.9
794,"Saturday, June 19, 2021",12:09:25,car,1,34,11,3,0.267
795,"Saturday, June 19, 2021",12:09:30,long,3,36,11,3,0.083
796,"Saturday, June 19, 2021",12:09:52,car,1,22,11,3,0.367
797,"Saturday, June 19, 2021",12:10:01,car,1,37,9,2,0.15
798,"Saturday, June 19, 2021",12:10:05,car,1,34,9,2,0.067
799,"Saturday, June 19, 2021",12:10:37,car,1,24,9,2,0.533
800,"Saturday, June 19, 2021",12:10:43,car,1,23,9,2,0.1
801,"Saturday, June 19, 2021",12:10:52,truck,2,30,9,2,0.15
802,"Saturday, June 19, 2021",12:11:31,car,1,34,9,2,0.65
803,"Saturday, June 19, 2021",12:12:38,truck,2,10,16,1,0.117
804,"Saturday, June 19, 2021",12:12:40,car,1,10,16,1,0.033
805,"Saturday, June 19, 2021",12:12:49,car,1,51,16,1,0.15
806,"Saturday, June 19, 2021",12:13:00,car,1,24,16,1,0.183
807,"Saturday, June 19, 2021",12:13:24,car,1,32,16,1,0.4
808,"Saturday, June 19, 2021",12:13:29,moto,0.5,44,16,1,0.083
809,"Saturday, June 19, 2021",12:13:35,car,1,32,16,1,0.1
810,"Saturday, June 19, 2021",12:15:11,moto,0.5,35,5,2,0.6
811,"Saturday, June 19, 2021",12:15:15,truck,2,32,5,2,0.067
812,"Saturday, June 19, 2021",12:16:04,car,1,31,5,2,0.817
813,"Saturday, June 19, 2021",12:16:11,car,1,26,5,2,0.117
814,"Saturday, June 19, 2021",12:17:40,car,1,36,6,0,0.483
815,"Saturday, June 19, 2021",12:17:57,car,1,27,6,0,0.283
816,"Saturday, June 19, 2021",12:18:05,car,1,42,6,0,0.133
817,"Saturday, June 19, 2021",12:18:09,car,1,33,6,0,0.067
818,"Saturday, June 19, 2021",12:18:50,car,1,34,6,0,0.683
819,"Saturday, June 19, 2021",12:20:02,car,1,34,2,0,0.2
820,"Saturday, June 19, 2021",12:20:08,car,1,29,2,0,0.1
821,"Saturday, June 19, 2021",12:20:27,car,1,36,2,0,0.317
822,"Saturday, June 19, 2021",12:22:19,car,1,19,12,4,0.867
823,"Saturday, June 19, 2021",12:22:28,car,1,41,12,4,0.15
824,"Saturday, June 19, 2021",12:22:58,car,1,27,12,4,0.5
825,"Saturday, June 19, 2021",12:24:00,car,1,37,10,1,0.033
826,"Saturday, June 19, 2021",12:24:30,car,1,48,10,1,0.5
827,"Saturday, June 19, 2021",12:24:38,moto,0.5,48,10,1,0.133
828,"Saturday, June 19, 2021",12:24:44,car,1,30,10,1,0.1
829,"Saturday, June 19, 2021",12:24:50,truck,2,29,10,1,0.1
830,"Saturday, June 19, 2021",12:24:52,car,1,30,10,1,0.033
831,"Saturday, June 19, 2021",12:25:28,truck,2,32,10,1,0.6
832,"Saturday, June 19, 2021",12:25:34,car,1,5,10,1,0.1
833,"Saturday, June 19, 2021",12:25:35,car,1,6,10,1,0.017
834,"Saturday, June 19, 2021",12:26:05,car,1,36,12,1,0.5
835,"Saturday, June 19, 2021",12:26:45,car,1,33,12,1,0.667
836,"Saturday, June 19, 2021",12:26:50,car,1,27,12,1,0.083
837,"Saturday, June 19, 2021",12:26:51,car,1,26,12,1,0.017
838,"Saturday, June 19, 2021",12:29:20,car,1,37,2,1,0.483
839,"Saturday, June 19, 2021",12:29:26,truck,2,24,2,1,0.1
840,"Saturday, June 19, 2021",12:29:38,car,1,32,2,1,0.2
841,"Saturday, June 19, 2021",12:29:42,car,1,26,2,1,0.067
842,"Saturday, June 19, 2021",12:31:10,car,1,25,17,1,0.467
843,"Saturday, June 19, 2021",12:31:19,moto,0.5,30,17,1,0.15
844,"Saturday, June 19, 2021",12:32:34,car,1,24,17,1,0.25
845,"Saturday, June 19, 2021",12:33:23,car,1,28,7,0,0.817
846,"Saturday, June 19, 2021",12:33:26,moto,0.5,13,7,0,0.05
847,"Saturday, June 19, 2021",12:33:46,moto,0.5,37,7,0,0.333
848,"Saturday, June 19, 2021",12:33:48,car,1,36,7,0,0.033
849,"Saturday, June 19, 2021",12:33:56,car,1,32,7,0,0.133
850,"Saturday, June 19, 2021",12:34:01,car,1,30,7,0,0.083
851,"Saturday, June 19, 2021",12:34:05,car,1,29,7,0,0.067
852,"Saturday, June 19, 2021",12:34:11,car,1,28,7,0,0.1
853,"Saturday, June 19, 2021",12:34:45,car,1,31,7,0,0.567
854,"Saturday, June 19, 2021",12:34:47,moto,0.5,46,7,0,0.033
855,"Saturday, June 19, 2021",12:35:30,truck,2,28,10,1,0.717
856,"Saturday, June 19, 2021",12:35:57,car,1,26,10,1,0.45
857,"Saturday, June 19, 2021",12:36:19,car,1,24,10,1,0.367
858,"Saturday, June 19, 2021",12:36:23,car,1,32,10,1,0.067
859,"Saturday, June 19, 2021",12:38:05,truck,2,35,26,4,0.7
860,"Saturday, June 19, 2021",12:38:11,car,1,24,26,4,0.1
861,"Saturday, June 19, 2021",12:38:57,moto,0.5,24,26,4,0.767
862,"Saturday, June 19, 2021",12:39:07,car,1,35,26,4,0.167
863,"Saturday, June 19, 2021",12:39:31,car,1,6,26,4,0.4
864,"Saturday, June 19, 2021",12:39:55,car,1,31,26,4,0.4
865,"Saturday, June 19, 2021",12:40:29,car,1,34,8,3,0.567
866,"Saturday, June 19, 2021",12:40:44,truck,2,35,8,3,0.25
867,"Saturday, June 19, 2021",12:41:09,car,1,35,8,3,0.417
868,"Saturday, June 19, 2021",12:41:41,car,1,24,8,3,0.533
869,"Saturday, June 19, 2021",12:43:22,car,1,17,9,1,0.683
870,"Saturday, June 19, 2021",12:43:41,car,1,38,9,1,0.317
871,"Saturday, June 19, 2021",12:44:00,car,1,39,9,1,0.317
872,"Saturday, June 19, 2021",12:44:14,car,1,29,9,1,0.233
873,"Saturday, June 19, 2021",12:44:17,car,1,45,9,1,0.05
874,"Saturday, June 19, 2021",12:44:22,car,1,16,9,1,0.083
875,"Saturday, June 19, 2021",12:45:37,car,1,35,13,3,0.25
876,"Saturday, June 19, 2021",12:46:13,car,1,17,13,3,0.6
877,"Saturday, June 19, 2021",12:46:37,car,1,33,13,3,0.4
878,"Saturday, June 19, 2021",12:46:51,car,1,41,13,3,0.233
879,"Saturday, June 19, 2021",12:47:20,car,1,13,12,2,0.483
880,"Saturday, June 19, 2021",12:47:42,car,1,11,12,2,0.367
881,"Saturday, June 19, 2021",12:47:57,car,1,30,12,2,0.25
882,"Saturday, June 19, 2021",12:47:59,car,1,33,12,2,0.033
883,"Saturday, June 19, 2021",12:49:03,car,1,41,15,5,0.067
884,"Saturday, June 19, 2021",12:49:04,car,1,54,15,5,0.017
885,"Saturday, June 19, 2021",12:49:40,car,1,22,15,5,0.6
886,"Saturday, June 19, 2021",12:49:44,car,1,24,15,5,0.067
887,"Saturday, June 19, 2021",12:49:47,car,1,30,15,5,0.05
888,"Saturday, June 19, 2021",12:50:12,car,1,19,15,5,0.417
889,"Saturday, June 19, 2021",12:50:43,car,1,31,15,5,0.517
890,"Saturday, June 19, 2021",12:50:50,car,1,29,15,5,0.117
891,"Saturday, June 19, 2021",12:51:07,car,1,24,7,2,0.283
892,"Saturday, June 19, 2021",12:51:14,car,1,29,7,2,0.117
893,"Saturday, June 19, 2021",12:51:20,truck,2,39,7,2,0.1
894,"Saturday, June 19, 2021",12:51:26,car,1,33,7,2,0.1
895,"Saturday, June 19, 2021",12:51:46,car,1,28,7,2,0.333
896,"Saturday, June 19, 2021",12:51:51,moto,0.5,38,7,2,0.083
897,"Saturday, June 19, 2021",12:52:17,car,1,33,7,2,0.433
898,"Saturday, June 19, 2021",12:52:17,car,1,31,7,2,0
899,"Saturday, June 19, 2021",12:52:44,car,1,37,7,2,0.45
900,"Saturday, June 19, 2021",12:54:01,car,1,36,6,2,0.283
901,"Saturday, June 19, 2021",12:54:35,car,1,44,6,2,0.567
902,"Saturday, June 19, 2021",12:54:43,car,1,9,6,2,0.133
903,"Saturday, June 19, 2021",12:55:03,car,1,32,6,2,0.333
904,"Saturday, June 19, 2021",12:55:35,truck,2,27,6,2,0.533
905,"Saturday, June 19, 2021",12:56:24,car,1,29,7,1,0.817
906,"Saturday, June 19, 2021",12:56:30,car,1,30,7,1,0.1
907,"Saturday, June 19, 2021",12:57:09,car,1,34,7,1,0.65
908,"Saturday, June 19, 2021",12:57:16,car,1,14,7,1,0.117
909,"Saturday, June 19, 2021",12:57:22,car,1,25,7,1,0.1
910,"Saturday, June 19, 2021",12:57:25,car,1,25,7,1,0.05
911,"Saturday, June 19, 2021",12:57:28,car,1,21,7,1,0.05
912,"Saturday, June 19, 2021",12:57:33,car,1,59,7,1,0.083
913,"Saturday, June 19, 2021",12:57:38,car,1,36,7,1,0.083
914,"Saturday, June 19, 2021",12:57:44,car,1,31,7,1,0.1
915,"Saturday, June 19, 2021",12:57:53,car,1,36,7,1,0.15
916,"Saturday, June 19, 2021",12:58:38,car,1,31,5,0,0.75
917,"Saturday, June 19, 2021",12:58:40,truck,2,30,5,0,0.033
918,"Saturday, June 19, 2021",12:58:59,car,1,23,5,0,0.317
919,"Saturday, June 19, 2021",12:59:03,truck,2,21,5,0,0.067
920,"Saturday, June 19, 2021",12:59:15,car,1,34,5,0,0.2
921,"Saturday, June 19, 2021",12:59:55,car,1,37,5,0,0.667
922,"Saturday, June 19, 2021",13:00:09,car,1,28,4,4,0.233
923,"Saturday, June 19, 2021",13:00:17,car,1,27,4,4,0.133
924,"Saturday, June 19, 2021",13:00:25,car,1,31,4,4,0.133
925,"Saturday, June 19, 2021",13:00:26,car,1,31,4,4,0.017
926,"Saturday, June 19, 2021",13:00:51,car,1,16,4,4,0.417
927,"Saturday, June 19, 2021",13:01:29,car,1,7,4,4,0.633
928,"Saturday, June 19, 2021",13:02:01,car,1,26,14,1,0.533
929,"Saturday, June 19, 2021",13:02:24,car,1,25,14,1,0.383
930,"Saturday, June 19, 2021",13:03:15,car,1,30,14,1,0.85
931,"Saturday, June 19, 2021",13:03:18,car,1,32,14,1,0.05
932,"Saturday, June 19, 2021",13:03:33,car,1,37,14,1,0.25
933,"Saturday, June 19, 2021",13:05:01,car,1,36,10,3,0.467
934,"Saturday, June 19, 2021",13:05:22,car,1,33,10,3,0.35
935,"Saturday, June 19, 2021",13:05:34,car,1,39,10,3,0.2
936,"Saturday, June 19, 2021",13:05:53,car,1,26,10,3,0.317
937,"Saturday, June 19, 2021",13:06:30,truck,2,16,10,3,0.617
938,"Saturday, June 19, 2021",13:06:47,car,1,28,10,3,0.283
939,"Saturday, June 19, 2021",13:09:04,car,1,27,12,3,0.283
940,"Saturday, June 19, 2021",13:09:08,car,1,27,12,3,0.067
941,"Saturday, June 19, 2021",13:09:28,car,1,28,12,3,0.333
942,"Saturday, June 19, 2021",13:09:32,car,1,49,12,3,0.067
943,"Saturday, June 19, 2021",13:09:38,car,1,37,12,3,0.1
944,"Saturday, June 19, 2021",13:10:11,car,1,29,12,3,0.55
945,"Saturday, June 19, 2021",13:10:13,car,1,24,12,3,0.033
946,"Saturday, June 19, 2021",13:10:39,car,1,35,12,3,0.433
947,"Saturday, June 19, 2021",13:10:41,car,1,7,12,3,0.033
948,"Saturday, June 19, 2021",13:11:05,car,1,22,16,3,0.4
949,"Saturday, June 19, 2021",13:11:11,car,1,24,16,3,0.1
950,"Saturday, June 19, 2021",13:11:22,car,1,31,16,3,0.183
951,"Saturday, June 19, 2021",13:11:34,car,1,32,16,3,0.2
952,"Saturday, June 19, 2021",13:12:08,car,1,24,16,3,0.567
953,"Saturday, June 19, 2021",13:12:09,moto,0.5,26,16,3,0.017
954,"Saturday, June 19, 2021",13:12:10,car,1,24,16,3,0.017
955,"Saturday, June 19, 2021",13:12:14,car,1,21,16,3,0.067
956,"Saturday, June 19, 2021",13:12:20,car,1,30,16,3,0.1
957,"Saturday, June 19, 2021",13:13:56,truck,2,11,7,1,0.6
958,"Saturday, June 19, 2021",13:13:58,car,1,12,7,1,0.033
959,"Saturday, June 19, 2021",13:14:03,car,1,10,7,1,0.083
960,"Saturday, June 19, 2021",13:14:20,truck,2,28,7,1,0.283
961,"Saturday, June 19, 2021",13:14:56,car,1,26,7,1,0.6
962,"Saturday, June 19, 2021",13:15:22,car,1,25,6,2,0.433
963,"Saturday, June 19, 2021",13:15:24,car,1,26,6,2,0.033
964,"Saturday, June 19, 2021",13:15:27,truck,2,23,6,2,0.05
965,"Saturday, June 19, 2021",13:15:29,car,1,25,6,2,0.033
966,"Saturday, June 19, 2021",13:15:30,moto,0.5,24,6,2,0.017
967,"Saturday, June 19, 2021",13:15:34,car,1,22,6,2,0.067
968,"Saturday, June 19, 2021",13:15:57,car,1,26,6,2,0.383
969,"Saturday, June 19, 2021",13:16:11,car,1,26,6,2,0.233
970,"Saturday, June 19, 2021",13:16:35,moto,0.5,37,6,2,0.4
971,"Saturday, June 19, 2021",13:16:36,car,1,35,6,2,0.017
972,"Saturday, June 19, 2021",13:16:40,car,1,28,6,2,0.067
973,"Saturday, June 19, 2021",13:16:46,moto,0.5,24,6,2,0.1
974,"Saturday, June 19, 2021",13:16:54,car,1,28,6,2,0.133
975,"Saturday, June 19, 2021",13:20:02,car,1,41,7,1,0.133
976,"Saturday, June 19, 2021",13:20:20,moto,0.5,27,7,1,0.3
977,"Saturday, June 19, 2021",13:25:37,car,1,33,11,2,0.283
978,"Saturday, June 19, 2021",13:25:56,car,1,30,11,2,0.317
979,"Saturday, June 19, 2021",13:26:00,car,1,13,10,5,0.067
980,"Saturday, June 19, 2021",13:26:07,car,1,29,10,5,0.117
981,"Saturday, June 19, 2021",13:26:19,car,1,31,10,5,0.2
982,"Saturday, June 19, 2021",13:26:36,car,1,28,10,5,0.283
983,"Saturday, June 19, 2021",13:26:48,car,1,27,10,5,0.2
984,"Saturday, June 19, 2021",13:26:51,car,1,29,10,5,0.05
985,"Saturday, June 19, 2021",13:27:00,moto,0.5,28,10,5,0.15
986,"Saturday, June 19, 2021",13:27:04,truck,2,32,10,5,0.067
987,"Saturday, June 19, 2021",13:27:30,car,1,34,10,5,0.433
988,"Saturday, June 19, 2021",13:27:35,car,1,35,10,5,0.083
989,"Saturday, June 19, 2021",13:28:17,long,1,17,11,0,0.7
990,"Saturday, June 19, 2021",13:28:24,car,1,22,11,0,0.117
991,"Saturday, June 19, 2021",13:28:39,car,1,35,11,0,0.25
992,"Saturday, June 19, 2021",13:28:54,car,1,23,11,0,0.25
993,"Saturday, June 19, 2021",13:29:06,car,1,23,11,0,0.2
994,"Saturday, June 19, 2021",13:29:19,car,1,24,11,0,0.217
995,"Saturday, June 19, 2021",13:29:21,truck,2,23,11,0,0.033
996,"Saturday, June 19, 2021",13:29:41,moto,0.5,38,11,0,0.333
997,"Saturday, June 19, 2021",13:29:52,car,1,27,11,0,0.183
998,"Saturday, June 19, 2021",13:29:55,moto,0.5,33,11,0,0.05
999,"Saturday, June 19, 2021",13:29:58,moto,0.5,26,11,0,0.05
1000,"Saturday, June 19, 2021",13:33:02,truck,2,30,6,0,0.067
1001,"Saturday, June 19, 2021",13:33:19,car,1,18,6,0,0.283
1002,"Saturday, June 19, 2021",13:33:27,car,1,27,6,0,0.133
1003,"Saturday, June 19, 2021",13:33:33,car,1,28,6,0,0.1
1004,"Saturday, June 19, 2021",13:33:36,car,1,22,6,0,0.05
1005,"Saturday, June 19, 2021",13:33:52,car,1,40,6,0,0.267
1006,"Saturday, June 19, 2021",13:34:11,car,1,24,6,0,0.317
1007,"Saturday, June 19, 2021",13:34:17,car,1,22,6,0,0.1
1008,"Saturday, June 19, 2021",13:34:42,truck,2,12,6,0,0.417
1009,"Saturday, June 19, 2021",13:34:46,truck,2,12,6,0,0.067
1010,"Saturday, June 19, 2021",13:34:51,car,1,15,6,0,0.083
1011,"Saturday, June 19, 2021",13:35:17,car,1,8,9,1,0.433
1012,"Saturday, June 19, 2021",13:35:36,car,1,12,9,1,0.317
1013,"Saturday, June 19, 2021",13:35:57,truck,2,39,9,1,0.35
1014,"Saturday, June 19, 2021",13:36:03,car,1,27,9,1,0.1
1015,"Saturday, June 19, 2021",13:36:18,car,1,24,9,1,0.25
1016,"Saturday, June 19, 2021",13:36:30,car,1,28,9,1,0.2
1017,"Saturday, June 19, 2021",13:36:38,car,1,28,9,1,0.133
1018,"Saturday, June 19, 2021",13:36:41,car,1,28,9,1,0.05
1019,"Saturday, June 19, 2021",13:36:46,car,1,36,9,1,0.083
1020,"Saturday, June 19, 2021",13:36:53,truck,2,31,9,1,0.117
1021,"Saturday, June 19, 2021",13:37:31,moto,0.5,22,8,1,0.633
1022,"Saturday, June 19, 2021",13:37:34,car,1,20,8,1,0.05
1023,"Saturday, June 19, 2021",13:38:15,car,1,17,8,1,0.683
1024,"Saturday, June 19, 2021",13:38:27,car,1,27,8,1,0.2
1025,"Saturday, June 19, 2021",13:39:03,car,1,32,12,2,0.6
1026,"Saturday, June 19, 2021",13:39:05,car,1,39,12,2,0.033
1027,"Saturday, June 19, 2021",13:39:15,car,1,38,12,2,0.167
1028,"Saturday, June 19, 2021",13:39:58,truck,2,41,12,2,0.717
1029,"Saturday, June 19, 2021",13:40:53,car,1,25,12,2,0.917
1030,"Saturday, June 19, 2021",13:42:00,car,1,19,8,1,0.117
1031,"Saturday, June 19, 2021",13:42:08,car,1,35,8,1,0.133
1032,"Saturday, June 19, 2021",13:42:27,car,1,34,8,1,0.317
1033,"Saturday, June 19, 2021",13:42:50,car,1,26,8,1,0.383
1034,"Saturday, June 19, 2021",13:42:51,moto,0.5,40,8,1,0.017
1035,"Saturday, June 19, 2021",13:43:48,car,1,35,8,1,0.95
1036,"Saturday, June 19, 2021",13:46:31,car,1,32,7,1,0.717
1037,"Saturday, June 19, 2021",13:46:45,car,1,40,7,1,0.233
1038,"Saturday, June 19, 2021",13:46:49,car,1,48,7,1,0.067
1039,"Saturday, June 19, 2021",13:46:57,car,1,29,7,1,0.133
1040,"Saturday, June 19, 2021",13:47:10,car,1,8,5,3,0.217
1041,"Saturday, June 19, 2021",13:47:17,car,1,34,5,3,0.117
1042,"Saturday, June 19, 2021",13:47:29,car,1,8,5,3,0.2
1043,"Saturday, June 19, 2021",13:47:54,car,1,17,5,3,0.417
1044,"Saturday, June 19, 2021",13:47:58,long,3,29,5,3,0.067
1045,"Saturday, June 19, 2021",13:48:07,car,1,30,5,3,0.15
1046,"Saturday, June 19, 2021",13:48:14,car,1,28,5,3,0.117
1047,"Saturday, June 19, 2021",13:48:21,car,1,21,5,3,0.117
1048,"Saturday, June 19, 2021",13:48:42,truck,2,24,5,3,0.35
1049,"Saturday, June 19, 2021",13:48:50,truck,2,27,5,3,0.133
